"Src","Art","Len","Text"
"就业促进法","第三条","54","第三条  劳动者依法享有平等就业和自主择业的权利。劳动者就业，不因民族、种族、性别、宗教信仰等不同而受歧视。"
"就业促进法","第二十六条","64","第二十六条  用人单位招用人员、职业中介机构从事职业中介活动，应当向劳动者提供平等的就业机会和公平的就业条件，不得实施就业歧视。"
"就业促进法","第二十七条","115","第二十七条  国家保障妇女享有与男子平等的劳动权利。用人单位招用人员，除国家规定的不适合妇女的工种或者岗位外，不得以性别为由拒绝录用妇女或者提高对妇女的录用标准。用人单位录用女职工，不得在劳动合同中规定限制女职工结婚、生育的内容。"
"就业促进法","第六十二条","37","第六十二条  违反本法规定，实施就业歧视的，劳动者可以向人民法院提起诉讼。"
"妇女权益保障法","第四十三条","175","第四十三条　用人单位在招录（聘）过程中，除国家另有规定外，不得实施下列行为：（一）限定为男性或者规定男性优先；（二）除个人基本信息外，进一步询问或者调查女性求职者的婚育情况；（三）将妊娠测试作为入职体检项目；（四）将限制结婚、生育或者婚姻、生育状况作为录（聘）用条件；（五）其他以性别为由拒绝录（聘）用妇女或者差别化地提高对妇女录（聘）用标准的行为。"
"妇女权益保障法","第四十四条","165","第四十四条　用人单位在录（聘）用女职工时，应当依法与其签订劳动（聘用）合同或者服务协议，劳动（聘用）合同或者服务协议中应当具备女职工特殊保护条款，并不得规定限制女职工结婚、生育等内容。职工一方与用人单位订立的集体合同中应当包含男女平等和女职工权益保护相关内容，也可以就相关内容制定专章、附件或者单独订立女职工权益保护专项集体合同。"
"妇女权益保障法","第四十九条","71","第四十九条　人力资源和社会保障部门应当将招聘、录取、晋职、晋级、评聘专业技术职称和职务、培训、辞退等过程中的性别歧视行为纳入劳动保障监察范围。"
"著作权法-gov","第十八条","329","第十八条　自然人为完成法人或者非法人组织工作任务所创作的作品是职务作品，除本条第二款的规定以外，著作权由作者享有，但法人或者非法人组织有权在其业务范围内优先使用。作品完成两年内，未经单位同意，作者不得许可第三人以与单位使用的相同方式使用该作品。有下列情形之一的职务作品，作者享有署名权，著作权的其他权利由法人或者非法人组织享有，法人或者非法人组织可以给予作者奖励：（一）主要是利用法人或者非法人组织的物质技术条件创作，并由法人或者非法人组织承担责任的工程设计图、产品设计图、地图、示意图、计算机软件等职务作品；（二）报社、期刊社、通讯社、广播电台、电视台的工作人员创作的职务作品；（三）法律、行政法规规定或者合同约定著作权由法人或者非法人组织享有的职务作品。"
"职业病防治法","第三十五条","313","第三十五条　对从事接触职业病危害的作业的劳动者，用人单位应当按照国务院卫生行政部门的规定组织上岗前、在岗期间和离岗时的职业健康检查，并将检查结果书面告知劳动者。职业健康检查费用由用人单位承担。用人单位不得安排未经上岗前职业健康检查的劳动者从事接触职业病危害的作业；不得安排有职业禁忌的劳动者从事其所禁忌的作业；对在职业健康检查中发现有与所从事的职业相关的健康损害的劳动者，应当调离原工作岗位，并妥善安置；对未进行离岗前职业健康检查的劳动者不得解除或者终止与其订立的劳动合同。职业健康检查应当由取得《医疗机构执业许可证》的医疗卫生机构承担。卫生行政部门应当加强对职业健康检查工作的规范管理，具体管理办法由国务院卫生行政部门制定。"
"职业病防治法","第四十四条","58","第四十四条　劳动者可以在用人单位所在地、本人户籍所在地或者经常居住地依法承担职业病诊断的医疗卫生机构进行职业病诊断。"
"职业病防治法","第四十七条","203","第四十七条　用人单位应当如实提供职业病诊断、鉴定所需的劳动者职业史和职业病危害接触史、工作场所职业病危害因素检测结果等资料；卫生行政部门应当监督检查和督促用人单位提供上述资料；劳动者和有关机构也应当提供与职业病诊断、鉴定有关的资料。职业病诊断、鉴定机构需要了解工作场所职业病危害因素情况时，可以对工作场所进行现场调查，也可以向卫生行政部门提出，卫生行政部门应当在十日内组织现场调查。用人单位不得拒绝、阻挠。"
"职业病防治法","第四十八条","273","第四十八条　职业病诊断、鉴定过程中，用人单位不提供工作场所职业病危害因素检测结果等资料的，诊断、鉴定机构应当结合劳动者的临床表现、辅助检查结果和劳动者的职业史、职业病危害接触史,并参考劳动者的自述、卫生行政部门提供的日常监督检查信息等，作出职业病诊断、鉴定结论。劳动者对用人单位提供的工作场所职业病危害因素检测结果等资料有异议，或者因劳动者的用人单位解散、破产，无用人单位提供上述资料的，诊断、鉴定机构应当提请卫生行政部门进行调查，卫生行政部门应当自接到申请之日起三十日内对存在异议的资料或者工作场所职业病危害因素情况作出判定；有关部门应当配合。"
"职业病防治法","第五十条","97","第五十条　用人单位和医疗卫生机构发现职业病病人或者疑似职业病病人时，应当及时向所在地卫生行政部门报告。确诊为职业病的，用人单位还应当向所在地劳动保障行政部门报告。接到报告的部门应当依法作出处理。"
"职业病防治法","第五十三条","207","第五十三条　职业病诊断鉴定委员会由相关专业的专家组成。省、自治区、直辖市人民政府卫生行政部门应当设立相关的专家库，需要对职业病争议作出诊断鉴定时，由当事人或者当事人委托有关卫生行政部门从专家库中以随机抽取的方式确定参加诊断鉴定委员会的专家。职业病诊断鉴定委员会应当按照国务院卫生行政部门颁布的职业病诊断标准和职业病诊断、鉴定办法进行职业病诊断鉴定，向当事人出具职业病诊断鉴定书。职业病诊断、鉴定费用由用人单位承担。"
"职业病防治法","第五十五条","131","第五十五条　医疗卫生机构发现疑似职业病病人时，应当告知劳动者本人并及时通知用人单位。用人单位应当及时安排对疑似职业病病人进行诊断；在疑似职业病病人诊断或者医学观察期间，不得解除或者终止与其订立的劳动合同。疑似职业病病人在诊断、医学观察期间的费用，由用人单位承担。"
"劳动保障监察条例","第九条","147","第九条　任何组织或者个人对违反劳动保障法律、法规或者规章的行为，有权向劳动保障行政部门举报。劳动者认为用人单位侵犯其劳动保障合法权益的，有权向劳动保障行政部门投诉。劳动保障行政部门应当为举报人保密；对举报属实，为查处重大违反劳动保障法律、法规或者规章的行为提供主要线索和证据的举报人，给予奖励。"
"劳动保障监察条例","第十条","144","第十条　劳动保障行政部门实施劳动保障监察，履行下列职责：(一)宣传劳动保障法律、法规和规章，督促用人单位贯彻执行；(二)检查用人单位遵守劳动保障法律、法规和规章的情况；(三)受理对违反劳动保障法律、法规或者规章的行为的举报、投诉；(四)依法纠正和查处违反劳动保障法律、法规或者规章的行为。"
"劳动保障监察条例","第十一条","283","第十一条　劳动保障行政部门对下列事项实施劳动保障监察：(一)用人单位制定内部劳动保障规章制度的情况；(二)用人单位与劳动者订立劳动合同的情况；(三)用人单位遵守禁止使用童工规定的情况；(四)用人单位遵守女职工和未成年工特殊劳动保护规定的情况；(五)用人单位遵守工作时间和休息休假规定的情况；(六)用人单位支付劳动者工资和执行最低工资标准的情况；(七)用人单位参加各项社会保险和缴纳社会保险费的情况；(八)职业介绍机构、职业技能培训机构和职业技能考核鉴定机构遵守国家有关职业介绍、职业技能培训和职业技能考核鉴定的规定的情况；(九)法律、法规规定的其他劳动保障监察事项。"
"劳动保障监察条例","第二十条","138","第二十条　违反劳动保障法律、法规或者规章的行为在2年内未被劳动保障行政部门发现，也未被举报、投诉的，劳动保障行政部门不再查处。前款规定的期限，自违反劳动保障法律、法规或者规章的行为发生之日起计算；违反劳动保障法律、法规或者规章的行为有连续或者继续状态的，自行为终了之日起计算。"
"医疗期规定","第二条","43","第二条  医疗期是指企业职工因患病或非因工负伤停止工作治病休息不得解除劳动合同的时限。"
"医疗期规定","第三条","203","第三条  企业职工因患病或非因工负伤，需要停止工作医疗时，根据本人实际参加工作年限和在本单位工作年限，给予三个月到二十四个月的医疗期：（一）实际工作年限十年以下的，在本单位工作年限五年以下的为三个月；五年以上的为六个月。（二）实际工作年限十年以上的，在本单位工作年限五年以下的为六个月；五年以上十年以下的为九个月；十年以上十五年以下的为十二个月；十五年以上二十年以下的为十八个月；二十年以上的为二十四个月。"
"医疗期规定","第四条","126","第四条  医疗期三个月的按六个月内累计病休时间计算；六个月的按十二个月内累计病休时间计算；九个月的按十五个月内累计病休时间计算；十二个月的按十八个月内累计病休时间计算；十八个月的按二十四个月内累计病休时间计算；二十四个月的按三十个月内累计病休时间计算。"
"医疗期规定","第六条","176","第六条  企业职工非因工致残和经医生或医疗机构认定患有难以治疗的疾病，在医疗期内医疗终结，不能从事原工作，也不能从事用人单位另行安排的工作的，应当由劳动鉴定委员会参照工伤与职业病致残程度鉴定标准进行劳动能力的鉴定。被鉴定为一至四级的，应当退出劳动岗位，终止劳动关系，办理退休、退职手续，享受退休、退职待遇；被鉴定为五至十级的，医疗期内不得解除劳动合同。"
"不定时审批办法","第三条","74","第三条  企业因生产特点不能实行《中华人民共和国劳动法》第三十六条、第三十八条规定的，可以实行不定时工作制或综合计算工时工作制等其他工作和休息办法。"
"不定时审批办法","第五条","195","第五条  企业对符合下列条件之一的职工，可实行综合计算工时工作制，即分别以周、月、季、年等为周期，综合计算工作时间，但其平均日工作时间和平均周工作时间应与法定标准工作时间基本相同。（一）交通、铁路、邮电、水运、航空、渔业等行业中因工作性质特殊，需连续作业的职工；（二）地质及资源勘探、建筑、制盐、制糖、旅游等受季节和自然条件限制的行业的部分职工；（三）其他适合实行综合计算工时工作制的职工。"
"不定时审批办法","第七条","142","第七条  中央直属企业实行不定时工作制和综合计算工时工作制等其他工作和休息办法的，经国务院行业主管部门审核，报国务院劳动行政部门批准。地方企业实行不定时工作制和综合计算工时工作制等其他工作和休息办法的审批办法，由各省、自治区、直辖市人民政府劳动行政部门制定，报国务院劳动行政部门备案。"
"最低工资规定","第十二条","244","第十二条  在劳动者提供正常劳动的情况下，用人单位应支付给劳动者的工资在剔除下列各项以后，不得低于当地最低工资标准：（一）延长工作时间工资；（二）中班、夜班、高温、低温、井下、有毒有害等特殊工作环境、条件下的津贴；（三）法律、法规和国家规定的劳动者福利待遇等。实行计件工资或提成工资等工资形式的用人单位，在科学合理的劳动定额基础上，其支付劳动者的工资不得低于相应的最低工资标准。劳动者由于本人原因造成在法定工作时间内或依法签订的劳动合同约定的工作时间内未提供正常劳动的，不适用于本条规定。"
